Sample Volume (ml)	50	
Titrant normality	0.05	
Equivalent Volume (ml)	0.633212	
ANC (eq/L)	0.000633	
correlation coefficient	0.999332	
		
Titrant Volume (ml)	pH	F1
0	7.24126	0
0.1	6.772809	0
0.2	6.48793	0
0.3	6.241553	0.000001
0.4	5.996263	0.000001
0.5	5.729245	0.000002
0.6	5.321909	0.000005
0.7	4.215383	0.000062
0.8	3.599007	0.000256
0.9	3.383503	0.000421
1	3.255436	0.000566