Titrant Volume	pH
0	7.24126
0.1	6.772809
0.2	6.48793
0.3	6.241553
0.4	5.996263
0.5	5.729245
0.6	5.321909
0.7	4.215383
0.8	3.599007
0.9	3.383503
1	3.255436