Concentration(mg/L)	Absorbance
0	-6.26E-05
1	0.00226847
2	0.00933459
5	0.14992886
10	0.52986898
20	1.06625354
50	2.44394042
