Sample Volume (ml)	50.000000 
Titrant normality	0.050000 
Equivalent Volume (ml)	0.309350 
ANC (eq/L)	0.000309 
correlation coefficient	0.999086 

Titrant Volume (ml)	pH	F1
0.000000	6.660846	0.000000
0.100000	6.277952	0.000001
0.200000	5.899384	0.000001
0.300000	5.384896	0.000004
0.400000	4.016878	0.000097
0.500000	3.543855	0.000289
0.600000	3.348595	0.000454
0.700000	3.231111	0.000596
