Sample Volume (ml)	50.000000 
Titrant normality	0.050000 
Equivalent Volume (ml)	0.633212 
ANC (eq/L)	0.000633 
correlation coefficient	0.999332 

Titrant Volume (ml)	pH	F1
0.000000	7.241260	0.000000
0.100000	6.772809	0.000000
0.200000	6.487930	0.000000
0.300000	6.241553	0.000001
0.400000	5.996263	0.000001
0.500000	5.729245	0.000002
0.600000	5.321909	0.000005
0.700000	4.215383	0.000062
0.800000	3.599007	0.000256
0.900000	3.383503	0.000421
1.000000	3.255436	0.000566
