Sample Volume (ml)	50.000000 
Titrant normality	0.050000 
Equivalent Volume (ml)	-0.249273 
ANC (eq/L)	-0.000249 
correlation coefficient	0.999752 

Titrant Volume (ml)	pH	F1
0.000000	3.449047	0.000356
0.100000	3.297991	0.000505
0.200000	3.193944	0.000642
