Sample Volume (ml)	50.000000 
Titrant normality	0.050000 
Equivalent Volume (ml)	-0.098585 
ANC (eq/L)	-0.000099 
correlation coefficient	0.938271 

Titrant Volume (ml)	pH	F1
0.000000	4.072794	0.000085
0.100000	3.524533	0.000299
0.200000	3.329386	0.000470
0.300000	3.328317	0.000472
